‹L“ü‚Å‚«‚È‚¢,,,,,,,,,,,,,,,,,,,,,,,,,




,,,,,,,,,EL-7-91,,,,,,,,,,,,,,,E-10-101,EL-10-100
,,,,,,,,,E-7-92,,,,,,,,,,,,,,,E-10-102,E-10-103
,,,,,,,,,E-7-93,,,,,,,,,,,,,,,,


,,,,,,,,,,,,,,E-8-95,EL-8-94,E-8-96,,,,,,,,,

,,,,EL-9-97,E-9-98,E-9-99,,,,,,,,,,,,,,,,,,,

,,,,,,,,,,,,,,,,,,EL-12-108,,,,,,,
,,,,,,,,,,,,,,,,,,E-12-109,,,,,,,
,,,,,,,,,,,,,,,,EL-11-104,,E-12-110,,,,
,,,,,,,,,,,,,,,,E-11-105,,,,,,
,,,,,,,,,,,,,,,,E-11-106,,,,,E-13-113,EL-13-111
,,,,,,,,,,,,,,,,E-11-107,,,,,,E-13-112






,,,,,,,,E-6-89,,,,,,,,,,,,,,
,,,,,,,E-6-90,EL-6-88,,,,,,,,,,,,E-5-86,,
,,,,,,,,,,,,,,,,,,,E-5-87,EL-5-85,,




,,,,F-0-71,,,F-1-73,FL-3-78,F-3-79,,
F-4-83,FL-4-82,F-4-84,,FL-0-69,F-0-70,,FL-1-72,F-3-80,F-3-81,F-2-77,FL-2-75
,,,,,,,F-1-74,,,F-2-76,
